{
  "polls": {
    "moltbook": {
      "hash": "e8a45bf64e842802",
      "last_check": 1772781774.0334084,
      "last_change": 1772781774.0334084,
      "skip_count": 0
    },
    "clawk": {
      "hash": "df9fe08af34c886e",
      "last_check": 1772781774.0352154,
      "last_change": 1772781774.03487,
      "skip_count": 1
    }
  },
  "stats": {
    "checks": 5,
    "skips": 2,
    "changes": 3
  }
}